;unnamed: 1_level_0;agrícola;indústria;construção;comércio e reparação;serviços
;1.541836581748783;6.915852578954929;3.6859718389239493;4.472495547387245;2.685532157258782;1.9296683048381562
norte;3.87;18.0;9.65;8.61;4.87;4.67
nordeste;2.85;10.17;6.23;7.35;4.83;3.44
sudeste;2.67;16.76;6.41;9.31;5.1;3.32
sul;3.82;21.85;8.56;13.63;6.99;4.85
centro-oeste;4.23;18.33;11.2;11.89;7.63;5.49
