;unnamed: 1_level_0;agrícola;indústria;construção;comércio e reparação;serviços
;1.5553933019387967;6.749274173109623;3.583736620457734;4.344211860611173;2.4591948786176636;1.8404862486799782
norte;4.17;16.58;9.56;7.87;4.63;4.75
nordeste;2.95;9.63;5.65;6.89;4.01;3.03
sudeste;2.64;16.25;6.2;9.2;4.85;3.21
sul;3.89;22.91;8.82;13.24;6.62;4.82
centro-oeste;4.25;18.4;11.45;11.41;6.92;5.25
