;Unnamed: 1_level_0;Agrícola;Indústria;Construção;Comércio e Reparação;Serviços
Brasil;0.0;6.909037643451019;3.2702220459384423;4.2965071945017455;2.1329071556513934;1.1530273418846833
Norte;0;17.46;8.11;7.78;3.81;2.68
Nordeste;0;10.2;5.49;6.95;3.46;2.04
Sudeste;0;16.84;5.68;9.07;4.3;1.95
Sul;0;21.33;7.97;13.1;5.47;3.23
Centro-Oeste;0;18.5;10.05;11.41;6.23;3.31
