;unnamed: 1_level_0;agrícola;indústria;construção;comércio e reparação;serviços
;1.699069908036717;4.426988006502115;3.49134914187488;4.031138892815521;2.8215078212359685;1.9581696968667786
norte;4.19;13.0;9.71;10.06;7.11;4.38
nordeste;4.07;8.12;8.7;8.42;6.26;4.27
sudeste;2.94;8.62;5.93;7.8;5.12;3.41
sul;3.46;9.31;6.42;8.79;5.54;4.44
centro-oeste;3.35;10.21;7.89;8.91;6.01;4.28
