;unnamed: 1_level_0;agrícola;indústria;construção;comércio e reparação;serviços
;0.0;4.377468786330145;3.0760067847909105;3.954236072509867;2.234734700755219;1.3457313930825126
norte;0;14.46;9.15;10.07;5.94;3.23
nordeste;0;7.58;8.78;7.44;4.71;2.77
sudeste;0;8.99;4.84;7.81;3.97;2.28
sul;0;9.21;5.72;9.57;4.9;3.5
centro-oeste;0;10.97;7.52;8.39;5.36;3.02
