;Unnamed: 1_level_0;Agrícola;Indústria;Construção;Comércio e Reparação;Serviços
Brasil;0.0;4.377468786330145;3.0760067847909105;3.954236072509867;2.234734700755219;1.3457313930825126
Norte;0;14.46;9.15;10.07;5.94;3.23
Nordeste;0;7.58;8.78;7.44;4.71;2.77
Sudeste;0;8.99;4.84;7.81;3.97;2.28
Sul;0;9.21;5.72;9.57;4.9;3.5
Centro-Oeste;0;10.97;7.52;8.39;5.36;3.02
