;unnamed: 1_level_0;agrícola;indústria;construção;comércio e reparação;serviços
;1.709651145558858;4.691479758399303;3.5041889490036646;4.300232126869654;2.962221889703475;2.0955115842971854
norte;4.46;16.07;10.02;10.77;7.46;4.86
nordeste;4.15;8.33;9.54;9.22;6.81;4.69
sudeste;2.91;9.51;5.73;8.14;5.21;3.54
sul;3.47;9.69;6.73;9.8;6.06;5.07
centro-oeste;3.47;11.41;8.46;9.29;6.41;4.46
