;Unnamed: 1_level_0;Agrícola;Indústria;Construção;Comércio e Reparação;Serviços
Brasil;2.3988530087633135;7.105121502658006;6.302617411426073;6.0621921993378205;4.700476554603168;3.207407743792844
Norte;6.03;14.9;17.95;14.86;10.54;8.59
Nordeste;4.23;10.06;13.28;10.78;7.38;5.65
Sudeste;4.5;18.86;10.62;11.65;9.53;5.78
Sul;5.63;19.51;12.92;13.71;13.02;7.7
Centro-Oeste;6.7;20.5;18.3;16.03;14.41;7.73
