;Unnamed: 1_level_0;Agrícola;Indústria;Construção;Comércio e Reparação;Serviços
Brasil;0.0;6.5701102828068905;5.859791848747355;5.423550511360679;4.161956339115804;2.170443721570871
Norte;0;14.27;16.03;14.15;8.86;5.72
Nordeste;0;8.83;12.91;9.33;6.3;3.96
Sudeste;0;18.01;9.87;10.61;8.56;3.6
Sul;0;18.42;10.8;12.18;12.26;5.88
Centro-Oeste;0;18.13;16.59;14.37;12.09;6.59
