;unnamed: 1_level_0;própria residência;via pública;outro
;100.0;25.44933466076451;47.997923314712864;26.55274202452263
pessoa desconhecida;100;8.07;69.54;22.4
policial ou segurança privada;100;12.37;65.54;22.09
cônjuge ou ex-cônjuge;100;80.53;10.5;8.97
parente;100;70.36;13.18;16.46
