;unnamed: 1_level_0;própria residência;via pública;outro
;2.182154660674005;3.6322210622736537;2.6082115530103054;3.5719745562192995
pessoa desconhecida;2.88;9.42;3.25;5.42
policial ou segurança privada;8.01;20.44;9.23;16.36
cônjuge ou ex-cônjuge;4.81;5.22;13.27;16.06
parente;6.09;7.6;14.64;13.62
