;Unnamed: 1_level_0;Agrícola;Indústria;Construção;Comércio e Reparação;Serviços
Brasil;2.4376637865146775;7.049194557203179;6.326237356300487;5.84033510832337;4.577416084280346;3.1305772911018863
Norte;6.32;16.11;17.72;15.04;10.24;8.55
Nordeste;4.3;10.35;12.95;10.17;7.23;5.37
Sudeste;4.56;18.62;10.71;11.31;9.25;5.7
Sul;5.73;17.8;13.02;12.86;12.98;7.36
Centro-Oeste;6.61;17.09;18.69;16.01;13.78;7.76
