;unnamed: 1_level_0;empregados;trabalhadores domésticos;conta própria;empregadores;outra
;2.3988530087633135;2.936834784576832;6.38293085734207;4.561434877406714;10.069141113707683;8.953100116849493
Situação do domicílio;;;;;;
urbana;2.61;3.09;6.74;4.91;10.3;11.7
rural;7.06;9.83;21.15;11.63;48.68;14.28
grandes regiões;;;;;;
norte;6.03;7.71;14.35;10.6;27.26;18.26
nordeste;4.23;5.59;10.8;7.49;15.76;13.36
sudeste;4.5;5.2;13.22;8.97;18.45;24.76
sul;5.63;6.61;15.73;12.47;23.28;29.74
