;Unnamed: 1_level_0;Própria residência ;Via pública;Outro
Brasil;100.0;25.44933466076451;47.997923314712864;26.55274202452263
Pessoa desconhecida;100;8.07;69.54;22.4
Policial ou segurança privada;100;12.37;65.54;22.09
Cônjuge ou ex-cônjuge;100;80.53;10.5;8.97
Parente;100;70.36;13.18;16.46
