;Unnamed: 1_level_0;Falta de provas;Não era importante;Não acreditavam na polícia;Não queriam envolver a polícia ou medo de represália;Outro
Total ;100.0;6.890562490979684;18.160502279696306;12.934939251941103;33.050726353260856;28.963269624122052
Pessoa desconhecida;100;13.53;17.31;21.71;26.01;21.45
Policial ou segurança privada;100;5.57;1.65;27.03;58.48;7.28
Cônjuge ou ex-cônjuge;100;3.32;9.63;4.92;51.47;30.65
Parente;100;2.56;19.29;4.76;36.2;37.19
