;Unnamed: 1_level_0;Própria residência ;Via pública;Outro
Total;2.182154660674005;3.6322210622736537;2.6082115530103054;3.5719745562192995
Pessoa desconhecida;2.88;9.42;3.25;5.42
Policial ou segurança privada;8.01;20.44;9.23;16.36
Cônjuge ou ex-cônjuge;4.81;5.22;13.27;16.06
Parente;6.09;7.6;14.64;13.62
