;Unnamed: 1_level_0;Empregados;Trabalhadores domésticos;Conta própria;Empregadores ;Outra
               Brasil;1.2492223296533158;1.7457307962904844;5.853043862688248;3.8984890858440773;9.70174685305825;8.621248356600885
Situação do domicílio;;;;;;
Urbana;1.33;1.79;6.16;4.17;9.89;11.22
Rural;3.37;6.43;20.06;9.37;48.57;12.58
Grandes Regiões;;;;;;
Norte;3.09;4.06;12.38;8.58;27.51;18.92
Nordeste;1.99;3.66;9.84;6.25;15.57;12.46
Sudeste;2.45;2.84;12.26;7.9;17.43;24.26
Sul;3.32;4.13;14.43;10.85;22.63;28.67
