;Unnamed: 1_level_0;Falta de provas;Não era importante;Não acreditavam na polícia;Não queriam envolver a polícia ou medo de represália;Outro
Total ;2.677971483200922;8.096301714790846;5.52497412724838;5.938873489355621;4.135949885118117;4.87618289831904
Pessoa desconhecida;3.56;9.52;7.77;7.02;7.14;7.32
Policial ou segurança privada;9.36;33.12;54.18;17.92;12.81;29.61
Cônjuge ou ex-cônjuge;7.13;34.59;20.57;28.01;8.97;12.17
Parente;8.39;44.98;18.61;38.89;11.26;15.98
Pessoa conhecida;4.06;21.69;8.22;14.49;6.58;6.42
