;unnamed: 1_level_0;empregados;trabalhadores domésticos;conta própria;empregadores;outra
;2.423210764368042;2.910684126448175;6.2256508158242285;4.54975841723449;10.05989123305447;8.907457647682707
Situação do domicílio;;;;;;
urbana;2.51;3.03;6.6;4.81;10.23;11.15
rural;6.97;9.43;20.55;11.46;48.64;14.08
norte;6.27;7.57;13.7;10.63;26.7;17.84
nordeste;4.24;5.26;10.4;7.58;15.67;13.45
sudeste;4.55;5.23;12.93;8.92;18.54;25.01
sul;5.72;6.69;15.64;12.14;23.01;28.19
