;unnamed: 1_level_0;agrícola;indústria;construção;comércio e reparação;serviços
;2.4376637865146775;7.049194557203179;6.326237356300487;5.84033510832337;4.577416084280346;3.1305772911018863
norte;6.32;16.11;17.72;15.04;10.24;8.55
nordeste;4.3;10.35;12.95;10.17;7.23;5.37
sudeste;4.56;18.62;10.71;11.31;9.25;5.7
sul;5.73;17.8;13.02;12.86;12.98;7.36
centro-oeste;6.61;17.09;18.69;16.01;13.78;7.76
